"Treatment","P_score"
"Atezolizumab+BCG",0.221235185400215
"BCG",0.156363210555501
"Durvalumab+BCG",0.81237568525325
"Sasanlimab+BCG",0.810025918791033
